{
    "loss": 3.5647451877593994,
    "accuracy": 0.778333306312561
}