{
    "loss": 5.422428131103516,
    "accuracy": 0.7683333158493042
}